INSERT INTO users(username, password, enabled, name, lastname, email) VALUES ('sa','$2a$10$7P4henxiT85TUReiBqnUTukeXWTvYTCGJj8l9cK3VcOAlnmBB9Bg.',1, 'Jose','Prieto','twlster.mk@gmail.com');
INSERT INTO users(username, password, enabled, name, lastname, email) VALUES ('admin','$2a$10$4hAq246kr9fAulSc/vQdGuDFVsfsXN14T6ynGRbANj6cgOsJnAZ5C',1, 'Pepe','Jimenez','p.jimenez@gmail.com');

INSERT INTO roles(name) VALUES ('ROLE_USER');
INSERT INTO roles(name) VALUES ('ROLE_ADMIN');

INSERT INTO users_roles(user_id, roles_id) VALUES (1,1);
INSERT INTO users_roles(user_id, roles_id) VALUES (2,1);
INSERT INTO users_roles(user_id, roles_id) VALUES (2,2);

INSERT INTO regions(id,name) VALUES (1,'North America');
INSERT INTO regions(id,name) VALUES (2,'Central America');
INSERT INTO regions(id,name) VALUES (3,'South America');
INSERT INTO regions(id,name) VALUES (4,'Eastern Europe');
INSERT INTO regions(id,name) VALUES (5,'Central Europe');
INSERT INTO regions(id,name) VALUES (6,'Western Europe');
INSERT INTO regions(id,name) VALUES (7,'Asia');
INSERT INTO regions(id,name) VALUES (8,'Africa');
INSERT INTO regions(id,name) VALUES (9,'Oceany');


INSERT INTO clients(name,last_name,email,birth_date, region_id) VALUES ('Jose','Prieto','twlster.mk@gmail.com','1989-05-19', 1);
INSERT INTO clients(name,last_name,email,birth_date, region_id) VALUES ('Pepe','Jimenez','p.jimenez@gmail.com','1986-08-26', 2);
INSERT INTO clients(name,last_name,email,birth_date, region_id) VALUES ('Maria','Constanza','maria.const89@gmail.com','1995-07-12', 3);
INSERT INTO clients(name,last_name,email,birth_date, region_id) VALUES ('Manuel','Perez','mperez@gmail.com','1991-11-13', 4);
INSERT INTO clients(name,last_name,email,birth_date, region_id) VALUES ('Jose2','Prieto','twlster.mk2@gmail.com','1989-05-19', 5);
INSERT INTO clients(name,last_name,email,birth_date, region_id) VALUES ('Pepe2','Jimenez','p.jimenez2@gmail.com','1986-08-26', 6);
INSERT INTO clients(name,last_name,email,birth_date, region_id) VALUES ('Maria2','Constanza','maria.const892@gmail.com','1995-07-12', 7);
INSERT INTO clients(name,last_name,email,birth_date, region_id) VALUES ('Manuel2','Perez','mperez2@gmail.com','1991-11-13', 8);
INSERT INTO clients(name,last_name,email,birth_date, region_id) VALUES ('Jose3','Prieto','twlster.mk3@gmail.com','1989-05-19', 9);
INSERT INTO clients(name,last_name,email,birth_date, region_id) VALUES ('Pepe3','Jimenez','p.jimenez3@gmail.com','1986-08-26', 1);
INSERT INTO clients(name,last_name,email,birth_date, region_id) VALUES ('Maria3','Constanza','maria.const893@gmail.com','1995-07-12', 2);
INSERT INTO clients(name,last_name,email,birth_date, region_id) VALUES ('Manuel3','Perez','mperez3@gmail.com','1991-11-13', 3);
INSERT INTO clients(name,last_name,email,birth_date, region_id) VALUES ('Jose23','Prieto','twlster.mk23@gmail.com','1989-05-19', 4);
INSERT INTO clients(name,last_name,email,birth_date, region_id) VALUES ('Pepe23','Jimenez','p.jimenez23@gmail.com','1986-08-26', 5);
INSERT INTO clients(name,last_name,email,birth_date, region_id) VALUES ('Maria23','Constanza','maria.const8923@gmail.com','1995-07-12', 6);
INSERT INTO clients(name,last_name,email,birth_date, region_id) VALUES ('Manuel23','Perez','mperez23@gmail.com','1991-11-13', 7);
INSERT INTO clients(name,last_name,email,birth_date, region_id) VALUES ('Jose','Prieto','twlster.mk4@gmail.com','1989-05-19', 8);
INSERT INTO clients(name,last_name,email,birth_date, region_id) VALUES ('Pepe','Jimenez','p.jimenez4@gmail.com','1986-08-26', 9);
INSERT INTO clients(name,last_name,email,birth_date, region_id) VALUES ('Maria','Constanza','maria.const894@gmail.com','1995-07-12', 1);
INSERT INTO clients(name,last_name,email,birth_date, region_id) VALUES ('Manuel','Perez','mperez4@gmail.com','1991-11-13', 2);
INSERT INTO clients(name,last_name,email,birth_date, region_id) VALUES ('Jose2','Prieto','twlster.mk25@gmail.com','1989-05-19', 3);
INSERT INTO clients(name,last_name,email,birth_date, region_id) VALUES ('Pepe2','Jimenez','p.jimenez25@gmail.com','1986-08-26', 4);
INSERT INTO clients(name,last_name,email,birth_date, region_id) VALUES ('Maria2','Constanza','maria.const8925@gmail.com','1995-07-12', 5);
INSERT INTO clients(name,last_name,email,birth_date, region_id) VALUES ('Manuel2','Perez','mperez25@gmail.com','1991-11-13', 6);
INSERT INTO clients(name,last_name,email,birth_date, region_id) VALUES ('Jose3','Prieto','twlster.mk36@gmail.com','1989-05-19', 7);
INSERT INTO clients(name,last_name,email,birth_date, region_id) VALUES ('Pepe3','Jimenez','p.jimenez36@gmail.com','1986-08-26', 8);
INSERT INTO clients(name,last_name,email,birth_date, region_id) VALUES ('Maria3','Constanza','maria.const8936@gmail.com','1995-07-12', 9);
INSERT INTO clients(name,last_name,email,birth_date, region_id) VALUES ('Manuel3','Perez','mperez36@gmail.com','1991-11-13', 1);
INSERT INTO clients(name,last_name,email,birth_date, region_id) VALUES ('Jose23','Prieto','twlster.mk236@gmail.com','1989-05-19', 2);
INSERT INTO clients(name,last_name,email,birth_date, region_id) VALUES ('Pepe23','Jimenez','p.jimenez236@gmail.com','1986-08-26', 3);
INSERT INTO clients(name,last_name,email,birth_date, region_id) VALUES ('Maria23','Constanza','maria.const89236@gmail.com','1995-07-12', 4);
INSERT INTO clients(name,last_name,email,birth_date, region_id) VALUES ('Manuel23','Perez','mperez236@gmail.com','1991-11-13', 5);

INSERT INTO products(name, price, created_at) VALUES ('Alienware Laptop M15X', 1230.00, NOW());
INSERT INTO products(name, price, created_at) VALUES ('Sony Vaio 17 inc', 649.99, NOW());
INSERT INTO products(name, price, created_at) VALUES ('Asus G74SX', 1644.50, NOW());
INSERT INTO products(name, price, created_at) VALUES ('Hp Screen 24y', 109.99, NOW());
INSERT INTO products(name, price, created_at) VALUES ('LG Qwerty KeyBoard', 12.99, NOW());
INSERT INTO products(name, price, created_at) VALUES ('Headset Noice Cancelation', 44.95, NOW());
INSERT INTO products(name, price, created_at) VALUES ('Tecknet Wireless Mouse', 18.75, NOW());
INSERT INTO products(name, price, created_at) VALUES ('Asus Portable Screen', 198.99, NOW());
INSERT INTO products(name, price, created_at) VALUES ('Asus G75', 1784.95, NOW());
INSERT INTO products(name, price, created_at) VALUES ('Samsung A50', 210, NOW());
INSERT INTO products(name, price, created_at) VALUES ('Xiaomi Renmi Note 9', 320, NOW());
INSERT INTO products(name, price, created_at) VALUES ('Samsung S20 Plus', 649.99, NOW());
INSERT INTO products(name, price, created_at) VALUES ('Samsung S20 Plus Brown Cover', 19.99, NOW());
INSERT INTO products(name, price, created_at) VALUES ('Cecotec Hand Vacuum', 19.95, NOW());
INSERT INTO products(name, price, created_at) VALUES ('LG SmartTV 43 inc', 650, NOW());
INSERT INTO products(name, price, created_at) VALUES ('Nintendo Switch', 230, NOW());
INSERT INTO products(name, price, created_at) VALUES ('Legend of Zelda: Breath of the wild for Nintendo Switch', 59.99, NOW());
INSERT INTO products(name, price, created_at) VALUES ('Legend of Zelda: Links Awakening for Nintendo Switch', 49.99, NOW());
INSERT INTO products(name, price, created_at) VALUES ('Immortals Phoenyx Rising for Nintendo Switch', 29.99, NOW());
INSERT INTO products(name, price, created_at) VALUES ('Nikon 3500', 499.99, NOW());
INSERT INTO products(name, price, created_at) VALUES ('HP OfficeJet 6951', 49.95, NOW());

INSERT INTO bills(description, observation, client_id, created_at) VALUES ('Buying nintento stuff','',1, NOW());
INSERT INTO bills(description, observation, client_id, created_at) VALUES ('Buying Laptop Equipment','',1, NOW());
INSERT INTO bills(description, observation, client_id, created_at) VALUES ('Buying SmartPhone','',2, NOW());

INSERT INTO bill_items(quantity, bill_id, product_id) VALUES (1,1,16);
INSERT INTO bill_items(quantity, bill_id, product_id) VALUES (1,1,17);
INSERT INTO bill_items(quantity, bill_id, product_id) VALUES (1,1,18);
INSERT INTO bill_items(quantity, bill_id, product_id) VALUES (1,1,19);
INSERT INTO bill_items(quantity, bill_id, product_id) VALUES (1,2,3);
INSERT INTO bill_items(quantity, bill_id, product_id) VALUES (2,2,6);
INSERT INTO bill_items(quantity, bill_id, product_id) VALUES (1,2,7);
INSERT INTO bill_items(quantity, bill_id, product_id) VALUES (1,2,5);
INSERT INTO bill_items(quantity, bill_id, product_id) VALUES (1,3,11);
INSERT INTO bill_items(quantity, bill_id, product_id) VALUES (1,3,12);
INSERT INTO bill_items(quantity, bill_id, product_id) VALUES (1,3,13);